{"cameraMode":{"drawMode":0,"name":"Shaded","section":"Shading Mode"},"sceneLighting":true,"audioPlay":false,"sceneViewState":{"showFog":true,"showMaterialUpdate":false,"showSkybox":true,"showFlares":true,"showImageEffects":true,"showParticleSystems":true},"in2DMode":false,"pivot":{"x":5.973903656005859,"y":5.191784858703613,"z":0.2224474549293518},"rotation":{"x":-0.12853774428367616,"y":0.8663282990455627,"z":-0.2869095504283905,"w":-0.388126015663147},"size":0.2682209610939026,"orthographic":false}